[
  {
    "model": "users.permissiongroups",
    "pk": 1,
    "fields": {
      "role": "рфьшэшёЄЁрЄюЁ"
    }
  },
  {
    "model": "users.permissiongroups",
    "pk": 2,
    "fields": {
      "role": "ЁрчЁрсюЄўшъ"
    }
  },
  {
    "model": "users.permissiongroups",
    "pk": 3,
    "fields": {
      "role": "тырфхыхЎ яЁюхъЄр"
    }
  },
  {
    "model": "users.user",
    "pk": 1,
    "fields": {
      "password": "pbkdf2_sha256$260000$CKybYq8ZKKnifuFh3TZJ1D$ZRZnN9EcaNClSv9GcOM/azSEYYvN6SgTSQfD9kJQVMM=",
      "last_login": null,
      "is_superuser": true,
      "username": "radif",
      "is_staff": true,
      "is_active": true,
      "date_joined": "2021-11-15T23:05:57.408Z",
      "first_name": "",
      "last_name": "",
      "middle_name": "",
      "email": "mail@radif.ru",
      "birthdate": null,
      "groups": [],
      "user_permissions": [],
      "roles": []
    }
  },
  {
    "model": "users.user",
    "pk": 2,
    "fields": {
      "password": "pbkdf2_sha256$260000$3NW9hS696I5C88tjX6UBsN$rF37ZI//POv6vsu0HJI9opRbnCyLU1ZB3eTAwL7B3sE=",
      "last_login": null,
      "is_superuser": false,
      "username": "olyalya",
      "is_staff": false,
      "is_active": true,
      "date_joined": "2021-11-15T23:05:57.814Z",
      "first_name": "Olga",
      "last_name": "Buzova",
      "middle_name": "Kikabidze",
      "email": "olyalya@local.ru",
      "birthdate": "1985-08-11",
      "groups": [],
      "user_permissions": [],
      "roles": []
    }
  },
  {
    "model": "users.user",
    "pk": 3,
    "fields": {
      "password": "pbkdf2_sha256$260000$ng48T4TSKQEVkJCg7jyv82$T/EK1pLqoQA0DH2x5jL9wCpGEi1kVZVELz9ee5MDByI=",
      "last_login": null,
      "is_superuser": false,
      "username": "vas",
      "is_staff": false,
      "is_active": true,
      "date_joined": "2021-11-15T23:05:58.172Z",
      "first_name": "Vasya",
      "last_name": "Petrov",
      "middle_name": "Nikolayevich",
      "email": "vasya@local.ru",
      "birthdate": "1995-06-18",
      "groups": [],
      "user_permissions": [],
      "roles": []
    }
  },
  {
    "model": "users.user",
    "pk": 4,
    "fields": {
      "password": "pbkdf2_sha256$260000$PDh1ydf09RbSbjhrsYG6R7$lloV6fSM6XkLnLqtnAhlKE/1LiGg5m5xuOUtU3S1f0I=",
      "last_login": null,
      "is_superuser": false,
      "username": "irik",
      "is_staff": false,
      "is_active": true,
      "date_joined": "2021-11-15T23:05:58.583Z",
      "first_name": "Irina",
      "last_name": "Takayato",
      "middle_name": "Rotshildova",
      "email": "ira@local.ru",
      "birthdate": "2005-06-26",
      "groups": [],
      "user_permissions": [],
      "roles": []
    }
  },
  {
    "model": "todo.project",
    "pk": 1,
    "fields": {
      "name": "╩ЁєЄющ",
      "repository": "https://github.com/radif-ru/Django_REST",
      "users": [
        1,
        2,
        3,
        4
      ]
    }
  },
  {
    "model": "todo.project",
    "pk": 2,
    "fields": {
      "name": "─Ёєующ",
      "repository": "https://github.com/radif-ru/Desktop_Apps_Messenger_PyQt",
      "users": [
        1,
        2,
        3,
        4
      ]
    }
  },
  {
    "model": "todo.project",
    "pk": 3,
    "fields": {
      "name": "╤Єюя Є√щ",
      "repository": "https://github.com/radif-ru/Python_Architecture_and_Design_patterns",
      "users": [
        1,
        2,
        3,
        4
      ]
    }
  },
  {
    "model": "todo.project",
    "pk": 4,
    "fields": {
      "name": "╤тхЄы√х ышъш",
      "repository": "https://github.com/radif-ru/Django_optimization_tools",
      "users": [
        1,
        2,
        3,
        4
      ]
    }
  },
  {
    "model": "todo.project",
    "pk": 5,
    "fields": {
      "name": "┴рчют√щ тхъЄюЁ",
      "repository": "https://github.com/radif-ru/JavaScriptProfessional-v2",
      "users": [
        1,
        2,
        3,
        4
      ]
    }
  },
  {
    "model": "todo.project",
    "pk": 6,
    "fields": {
      "name": "╬Ёурэшўхёъшщ ЄЁрЇшъ",
      "repository": "https://github.com/radif-ru/reactjs-18.11",
      "users": [
        1,
        2,
        3,
        4
      ]
    }
  },
  {
    "model": "todo.todo",
    "pk": 1,
    "fields": {
      "project": 6,
      "user": 2,
      "text": "╚фхщэ√х ёююсЁрцхэш  т√ё°хую яюЁ фър, р Єръцх яюэшьрэшх ёєЄш ЁхёєЁёюёсхЁхур■∙шї Єхїэюыюушщ юфэючэрўэю юяЁхфхы хЄ ърцфюую єўрёЄэшър ъръ ёяюёюсэюую яЁшэшьрЄ№ ёюсёЄтхээ√х Ёх°хэш  ърёрхью сыруюяЁш Єэ√ї яхЁёяхъЄшт",
      "active": true,
      "created": "2021-11-15T23:06:01.074Z",
      "updated": "2021-11-15T23:06:01.074Z"
    }
  },
  {
    "model": "todo.todo",
    "pk": 2,
    "fields": {
      "project": 6,
      "user": 3,
      "text": "┬ ўрёЄэюёЄш, т√ёюъюх ърўхёЄтю яючшЎшюээ√ї шёёыхфютрэшщ яЁхфюёЄрты хЄ °шЁюъшх тючьюцэюёЄш фы  яхЁхюёь√ёыхэш  тэх°эх¤ъюэюьшўхёъшї яюышЄшъ.",
      "active": true,
      "created": "2021-11-15T23:06:01.312Z",
      "updated": "2021-11-15T23:06:01.312Z"
    }
  },
  {
    "model": "todo.todo",
    "pk": 3,
    "fields": {
      "project": 6,
      "user": 4,
      "text": "└ х∙╕ ёфхырээ√х эр срчх шэЄхЁэхЄ-рэрышЄшъш т√тюф√ ЇюЁьшЁє■Є уыюсры№эє■ ¤ъюэюьшўхёъє■ ёхЄ№ ш яЁш ¤Єюь - Ёрчюсырўхэ√.",
      "active": true,
      "created": "2021-11-15T23:06:01.449Z",
      "updated": "2021-11-15T23:06:01.449Z"
    }
  },
  {
    "model": "todo.todo",
    "pk": 4,
    "fields": {
      "project": 6,
      "user": 2,
      "text": "╧Ёш Єэю, уЁрцфрэх, эрсы■фрЄ№, ъръ эхъюЄюЁ√х юёюсхээюёЄш тэєЄЁхээхщ яюышЄшъш юс·хфшэхэ√ т Ўхы√х ъырёЄхЁ√ ёхсх яюфюсэ√ї.",
      "active": true,
      "created": "2021-11-15T23:06:01.555Z",
      "updated": "2021-11-15T23:06:01.555Z"
    }
  },
  {
    "model": "todo.todo",
    "pk": 5,
    "fields": {
      "project": 3,
      "user": 3,
      "text": "┬ ўрёЄэюёЄш, ёютЁхьхээр  ьхЄюфюыюуш  ЁрчЁрсюЄъш шуЁрхЄ юяЁхфхы ■∙хх чэрўхэшх фы  яхЁхюёь√ёыхэш  тэх°эх¤ъюэюьшўхёъшї яюышЄшъ.",
      "active": true,
      "created": "2021-11-15T23:06:01.690Z",
      "updated": "2021-11-15T23:06:01.690Z"
    }
  },
  {
    "model": "todo.todo",
    "pk": 6,
    "fields": {
      "project": 3,
      "user": 4,
      "text": "╧Ёш Єэю, уЁрцфрэх, эрсы■фрЄ№, ъръ ръЎшюэхЁ√ ъЁєяэхщ°шї ъюьярэшщ ш яю ёхщ фхэ№ юёЄр■Єё  єфхыюь ышсхЁрыют, ъюЄюЁ√х црцфєЄ с√Є№ яЁшчтрэ√ ъ юЄтхЄє.",
      "active": true,
      "created": "2021-11-15T23:06:01.832Z",
      "updated": "2021-11-15T23:06:01.832Z"
    }
  },
  {
    "model": "todo.todo",
    "pk": 7,
    "fields": {
      "project": 3,
      "user": 2,
      "text": "═ю ъєЁё эр ёюЎшры№эю-юЁшхэЄшЁютрээ√щ эрЎшюэры№э√щ яЁюхъЄ яЁхфюяЁхфхы хЄ т√ёюъє■ тюёЄЁхсютрээюёЄ№ ёшёЄхь√ ьрёёютюую єўрёЄш .",
      "active": true,
      "created": "2021-11-15T23:06:01.955Z",
      "updated": "2021-11-15T23:06:01.955Z"
    }
  },
  {
    "model": "todo.todo",
    "pk": 8,
    "fields": {
      "project": 2,
      "user": 3,
      "text": "┼ёЄ№ эрф ўхь чрфєьрЄ№ё : яЁхфёЄртшЄхыш ёютЁхьхээ√ї ёюЎшры№э√ї ЁхчхЁтют юсэрЁюфютрэ√.",
      "active": true,
      "created": "2021-11-15T23:06:02.110Z",
      "updated": "2021-11-15T23:06:02.110Z"
    }
  },
  {
    "model": "todo.todo",
    "pk": 9,
    "fields": {
      "project": 2,
      "user": 4,
      "text": "╚ьххЄё  ёяюЁэр  Єюўър чЁхэш , уырё ∙р  яЁшьхЁэю ёыхфє■∙хх: Є∙рЄхы№э√х шёёыхфютрэш  ъюэъєЁхэЄют сєфєЄ ётюхтЁхьхээю тхЁшЇшЎшЁютрэ√.",
      "active": true,
      "created": "2021-11-15T23:06:02.296Z",
      "updated": "2021-11-15T23:06:02.297Z"
    }
  },
  {
    "model": "todo.todo",
    "pk": 10,
    "fields": {
      "project": 2,
      "user": 2,
      "text": "╚ эхЄ ёюьэхэшщ, ўЄю ёЄюЁюээшъш ЄюЄрышЄрЁшчьр т эрєъх эхюфэючэрўэ√ ш сєфєЄ яЁхфрэ√ ёюЎшры№эю-фхьюъЁрЄшўхёъющ рэрЇхьх.",
      "active": true,
      "created": "2021-11-15T23:06:02.506Z",
      "updated": "2021-11-15T23:06:02.506Z"
    }
  },
  {
    "model": "todo.todo",
    "pk": 11,
    "fields": {
      "project": 1,
      "user": 3,
      "text": "╧Ёшэшьр  тю тэшьрэшх яюърчрЄхыш єёях°эюёЄш, єсхцф╕ээюёЄ№ эхъюЄюЁ√ї юяяюэхэЄют юсхёяхўштрхЄ °шЁюъюьє ъЁєує (ёяхЎшрышёЄют) єўрёЄшх т ЇюЁьшЁютрэшш фры№эхщ°шї эряЁртыхэшщ ЁрчтшЄш .",
      "active": true,
      "created": "2021-11-15T23:06:02.755Z",
      "updated": "2021-11-15T23:06:02.755Z"
    }
  },
  {
    "model": "todo.todo",
    "pk": 12,
    "fields": {
      "project": 2,
      "user": 3,
      "text": "┼ёЄ№ эрф ўхь чрфєьрЄ№ё : Є∙рЄхы№э√х шёёыхфютрэш  ъюэъєЁхэЄют ш яю ёхщ фхэ№ юёЄр■Єё  єфхыюь ышсхЁрыют, ъюЄюЁ√х црцфєЄ с√Є№ яЁшчтрэ√ ъ юЄтхЄє.",
      "active": true,
      "created": "2021-11-15T23:06:02.939Z",
      "updated": "2021-11-15T23:06:02.939Z"
    }
  },
  {
    "model": "todo.todo",
    "pk": 13,
    "fields": {
      "project": 1,
      "user": 2,
      "text": "╩ръ яЁшэ Єю ёўшЄрЄ№, яЁхфяЁшэшьрЄхыш т ёхЄш шэЄхЁэхЄ, яЁхтючьюур  ёыюцшт°є■ё  эхяЁюёЄє■ ¤ъюэюьшўхёъє■ ёшЄєрЎш■, Ёрчюсырўхэ√.",
      "active": true,
      "created": "2021-11-15T23:06:03.076Z",
      "updated": "2021-11-15T23:06:03.076Z"
    }
  },
  {
    "model": "todo.todo",
    "pk": 14,
    "fields": {
      "project": 1,
      "user": 4,
      "text": "╚ьххЄё  ёяюЁэр  Єюўър чЁхэш , уырё ∙р  яЁшьхЁэю ёыхфє■∙хх: фшруЁрьь√ ёт чхщ Ёрчюсырўхэ√.",
      "active": true,
      "created": "2021-11-15T23:06:03.277Z",
      "updated": "2021-11-15T23:06:03.277Z"
    }
  },
  {
    "model": "todo.todo",
    "pk": 15,
    "fields": {
      "project": 5,
      "user": 3,
      "text": "┬ Ёрьърї ёяхЎшЇшърЎшш ёютЁхьхээ√ї ёЄрэфрЁЄют, яЁхфяЁшэшьрЄхыш т ёхЄш шэЄхЁэхЄ яЁхфёЄрты ■Є ёюсющ эх ўЄю шэюх, ъръ ътшэЄ¤ёёхэЎш■ яюсхф√ ьрЁъхЄшэур эрф Ёрчєьюь ш фюыцэ√ с√Є№ юуЁрэшўхэ√ шёъы■ўшЄхы№эю юсЁрчюь ь√°ыхэш .",
      "active": true,
      "created": "2021-11-15T23:06:03.463Z",
      "updated": "2021-11-15T23:06:03.463Z"
    }
  },
  {
    "model": "todo.todo",
    "pk": 16,
    "fields": {
      "project": 5,
      "user": 2,
      "text": "▀ты  ё№ тёхую ыш°№ ўрёЄ№■ юс∙хщ ърЁЄшэ√, эхчртшёшь√х уюёєфрЁёЄтр, яЁхтючьюур  ёыюцшт°є■ё  эхяЁюёЄє■ ¤ъюэюьшўхёъє■ ёшЄєрЎш■, яЁхфрэ√ ёюЎшры№эю-фхьюъЁрЄшўхёъющ рэрЇхьх.",
      "active": true,
      "created": "2021-11-15T23:06:03.626Z",
      "updated": "2021-11-15T23:06:03.626Z"
    }
  },
  {
    "model": "todo.todo",
    "pk": 17,
    "fields": {
      "project": 5,
      "user": 3,
      "text": "┬ Ёрьърї ёяхЎшЇшърЎшш ёютЁхьхээ√ї ёЄрэфрЁЄют, ЁхяышЎшЁютрээ√х ё чрЁєсхцэ√ї шёЄюўэшъют, ёютЁхьхээ√х шёёыхфютрэш   ты ■Єё  Єюы№ъю ьхЄюфюь яюышЄшўхёъюую єўрёЄш  ш рёёюЎшрЄштэю ЁрёяЁхфхыхэ√ яю юЄЁрёы ь.",
      "active": true,
      "created": "2021-11-15T23:06:03.803Z",
      "updated": "2021-11-15T23:06:03.803Z"
    }
  },
  {
    "model": "todo.todo",
    "pk": 18,
    "fields": {
      "project": 5,
      "user": 2,
      "text": "┴хчєёыютэю, яют√°хэшх єЁютэ  уЁрцфрэёъюую ёючэрэш  т√ ты хЄ ёЁюўэє■ яюЄЁхсэюёЄ№ яхЁхюёь√ёыхэш  тэх°эх¤ъюэюьшўхёъшї яюышЄшъ.",
      "active": true,
      "created": "2021-11-15T23:06:04.046Z",
      "updated": "2021-11-15T23:06:04.046Z"
    }
  },
  {
    "model": "todo.todo",
    "pk": 19,
    "fields": {
      "project": 4,
      "user": 4,
      "text": "╩рцф√щ шч эрё яюэшьрхЄ юўхтшфэє■ тх∙№: єсхцф╕ээюёЄ№ эхъюЄюЁ√ї юяяюэхэЄют ЄЁхсєхЄ юЄ эрё рэрышчр сыруюяЁш Єэ√ї яхЁёяхъЄшт.",
      "active": true,
      "created": "2021-11-15T23:06:04.224Z",
      "updated": "2021-11-15T23:06:04.224Z"
    }
  },
  {
    "model": "todo.todo",
    "pk": 20,
    "fields": {
      "project": 4,
      "user": 3,
      "text": "╥ръцх ъръ яют√°хэшх єЁютэ  уЁрцфрэёъюую ёючэрэш  яючтюы хЄ т√яюыэшЄ№ трцэ√х чрфрэш  яю ЁрчЁрсюЄъх фры№эхщ°шї эряЁртыхэшщ ЁрчтшЄш .",
      "active": true,
      "created": "2021-11-15T23:06:04.423Z",
      "updated": "2021-11-15T23:06:04.423Z"
    }
  },
  {
    "model": "todo.todo",
    "pk": 21,
    "fields": {
      "project": 4,
      "user": 3,
      "text": "╚ьххЄё  ёяюЁэр  Єюўър чЁхэш , уырё ∙р  яЁшьхЁэю ёыхфє■∙хх: шэЄхЁръЄштэ√х яЁюЄюЄшя√  ты ■Єё  Єюы№ъю ьхЄюфюь яюышЄшўхёъюую єўрёЄш  ш т Ёртэющ ёЄхяхэш яЁхфюёЄртыхэ√ ёрьш ёхсх.",
      "active": true,
      "created": "2021-11-15T23:06:04.600Z",
      "updated": "2021-11-15T23:06:04.600Z"
    }
  },
  {
    "model": "todo.todo",
    "pk": 22,
    "fields": {
      "project": 4,
      "user": 2,
      "text": "╧Ёш Єэю, уЁрцфрэх, эрсы■фрЄ№, ъръ шэЄхЁръЄштэ√х яЁюЄюЄшя√, тэх чртшёшьюёЄш юЄ шї єЁютэ , фюыцэ√ с√Є№ єърчрэ√ ъръ яЁхЄхэфхэЄ√ эр Ёюы№ ъы■ўхт√ї ЇръЄюЁют.",
      "active": true,
      "created": "2021-11-15T23:06:04.779Z",
      "updated": "2021-11-15T23:06:04.779Z"
    }
  },
  {
    "model": "todo.todo",
    "pk": 23,
    "fields": {
      "project": 6,
      "user": 3,
      "text": "┬ ётю╕ь ёЄЁхьыхэшш яют√ёшЄ№ ърўхёЄтю цшчэш, юэш чрс√тр■Є, ўЄю срчют√щ тхъЄюЁ ЁрчтшЄш  т чэрўшЄхы№эющ ёЄхяхэш юсєёыютыштрхЄ трцэюёЄ№ яЁюуЁхёёр яЁюЇхёёшюэры№эюую ёююс∙хёЄтр.",
      "active": true,
      "created": "2021-11-15T23:06:04.923Z",
      "updated": "2021-11-15T23:06:04.923Z"
    }
  },
  {
    "model": "todo.todo",
    "pk": 24,
    "fields": {
      "project": 6,
      "user": 4,
      "text": "┴рэры№э√х, эю эхюяЁютхЁцшь√х т√тюф√, р Єръцх ёЄюЁюээшъш ЄюЄрышЄрЁшчьр т эрєъх ётюхтЁхьхээю тхЁшЇшЎшЁютрэ√.",
      "active": true,
      "created": "2021-11-15T23:06:05.078Z",
      "updated": "2021-11-15T23:06:05.078Z"
    }
  },
  {
    "model": "todo.todo",
    "pk": 25,
    "fields": {
      "project": 5,
      "user": 1,
      "text": "╧ЁхфтрЁшЄхы№э√х т√тюф√ эхєЄх°шЄхы№э√: фры№эхщ°хх ЁрчтшЄшх Ёрчышўэ√ї ЇюЁь фх Єхы№эюёЄш ёючфр╕Є эхюсїюфшьюёЄ№ тъы■ўхэш  т яЁюшчтюфёЄтхээ√щ яырэ Ўхыюую Ё фр тэхюўхЁхфэ√ї ьхЁюяЁш Єшщ ё єў╕Єюь ъюьяыхъёр ёшёЄхь√ юсєўхэш  ърфЁют, ёююЄтхЄёЄтє■∙хщ эрёє∙э√ь яюЄЁхсэюёЄ ь.",
      "active": true,
      "created": "2021-11-15T23:06:05.263Z",
      "updated": "2021-11-15T23:06:05.263Z"
    }
  },
  {
    "model": "todo.todo",
    "pk": 26,
    "fields": {
      "project": 6,
      "user": 1,
      "text": "╤ютЁхьхээ√х Єхїэюыюушш фюёЄшуыш Єръюую єЁютэ , ўЄю яхЁёяхъЄштэюх яырэшЁютрэшх ЄЁхсєхЄ юЄ эрё рэрышчр ¤ъёяхЁшьхэЄют, яюЁрцр■∙шї яю ётюхщ ьрё°ЄрсэюёЄш ш уЁрэфшючэюёЄш.",
      "active": true,
      "created": "2021-11-15T23:06:05.441Z",
      "updated": "2021-11-15T23:06:05.441Z"
    }
  },
  {
    "model": "todo.todo",
    "pk": 27,
    "fields": {
      "project": 3,
      "user": 4,
      "text": "▀ёэюёЄ№ эр°хщ яючшЎшш юўхтшфэр: уыєсюъшщ єЁютхэ№ яюуЁєцхэш  ёяюёюсёЄтєхЄ яюфуюЄютъх ш ЁхрышчрЎшш ¤ъёяхЁшьхэЄют, яюЁрцр■∙шї яю ётюхщ ьрё°ЄрсэюёЄш ш уЁрэфшючэюёЄш.",
      "active": true,
      "created": "2021-11-15T23:06:05.617Z",
      "updated": "2021-11-15T23:06:05.617Z"
    }
  },
  {
    "model": "todo.todo",
    "pk": 28,
    "fields": {
      "project": 1,
      "user": 3,
      "text": "╚ьххЄё  ёяюЁэр  Єюўър чЁхэш , уырё ∙р  яЁшьхЁэю ёыхфє■∙хх: ЁхяышЎшЁютрээ√х ё чрЁєсхцэ√ї шёЄюўэшъют, ёютЁхьхээ√х шёёыхфютрэш  яЁхфёЄрты ■Є ёюсющ эх ўЄю шэюх, ъръ ътшэЄ¤ёёхэЎш■ яюсхф√ ьрЁъхЄшэур эрф Ёрчєьюь ш фюыцэ√ с√Є№ ётюхтЁхьхээю тхЁшЇшЎшЁютрэ√.",
      "active": true,
      "created": "2021-11-15T23:06:05.750Z",
      "updated": "2021-11-15T23:06:05.750Z"
    }
  },
  {
    "model": "todo.todo",
    "pk": 29,
    "fields": {
      "project": 5,
      "user": 2,
      "text": "└ Єръцх ръЄштэю Ёрчтштр■∙шхё  ёЄЁрэ√ ЄЁхЄ№хую ьшЁр ётюхтЁхьхээю тхЁшЇшЎшЁютрэ√.",
      "active": true,
      "created": "2021-11-15T23:06:05.905Z",
      "updated": "2021-11-15T23:06:05.905Z"
    }
  },
  {
    "model": "todo.todo",
    "pk": 30,
    "fields": {
      "project": 1,
      "user": 2,
      "text": "╧ЁхфтрЁшЄхы№э√х т√тюф√ эхєЄх°шЄхы№э√: ёхьрэЄшўхёъшщ ЁрчсюЁ тэх°эшї яЁюЄштюфхщёЄтшщ шуЁрхЄ юяЁхфхы ■∙хх чэрўхэшх фы  яюёЄртыхээ√ї юс∙хёЄтюь чрфрў.",
      "active": true,
      "created": "2021-11-15T23:06:06.071Z",
      "updated": "2021-11-15T23:06:06.071Z"
    }
  },
  {
    "model": "todo.todo",
    "pk": 31,
    "fields": {
      "project": 6,
      "user": 3,
      "text": "╥ръцх ъръ т√ёюъюх ърўхёЄтю яючшЎшюээ√ї шёёыхфютрэшщ яЁхфёЄрты хЄ ёюсющ шэЄхЁхёэ√щ ¤ъёяхЁшьхэЄ яЁютхЁъш т√тюфр Єхъє∙шї ръЄштют.",
      "active": true,
      "created": "2021-11-15T23:06:06.231Z",
      "updated": "2021-11-15T23:06:06.231Z"
    }
  },
  {
    "model": "todo.todo",
    "pk": 32,
    "fields": {
      "project": 6,
      "user": 2,
      "text": "├юёяюфр, фры№эхщ°хх ЁрчтшЄшх Ёрчышўэ√ї ЇюЁь фх Єхы№эюёЄш юфэючэрўэю юяЁхфхы хЄ ърцфюую єўрёЄэшър ъръ ёяюёюсэюую яЁшэшьрЄ№ ёюсёЄтхээ√х Ёх°хэш  ърёрхью ¤ъюэюьшўхёъющ ЎхыхёююсЁрчэюёЄш яЁшэшьрхь√ї Ёх°хэшщ.",
      "active": true,
      "created": "2021-11-15T23:06:06.369Z",
      "updated": "2021-11-15T23:06:06.369Z"
    }
  },
  {
    "model": "todo.todo",
    "pk": 33,
    "fields": {
      "project": 6,
      "user": 3,
      "text": "╥ръшь юсЁрчюь, Ёрчсртыхээюх шчЁ фэющ фюыхщ ¤ьярЄшш, ЁрЎшюэры№эюх ь√°ыхэшх яЁхфюёЄрты хЄ °шЁюъшх тючьюцэюёЄш фы  єъЁхяыхэш  ьюЁры№э√ї ЎхээюёЄхщ.",
      "active": true,
      "created": "2021-11-15T23:06:06.566Z",
      "updated": "2021-11-15T23:06:06.566Z"
    }
  }
]
